<?xml version="1.0" encoding="UTF-8"?>
<project-private xmlns="http://www.netbeans.org/ns/project-private/1">
    <editor-bookmarks xmlns="http://www.netbeans.org/ns/editor-bookmarks/2" lastBookmarkId="0"/>
    <open-files xmlns="http://www.netbeans.org/ns/projectui-open-files/2">
        <group>
            <file>file:/C:/Users/2DT/Desktop/Valdir/MeuSite/web/tabela.css</file>
            <file>file:/C:/Users/2DT/Desktop/Valdir/MeuSite/web/altpro.html</file>
            <file>file:/C:/Users/2DT/Desktop/Valdir/MeuSite/web/cadpro.html</file>
            <file>file:/C:/Users/2DT/Desktop/Valdir/MeuSite/web/excpro.jsp</file>
            <file>file:/C:/Users/2DT/Desktop/Valdir/MeuSite/web/apresentacao.html</file>
            <file>file:/C:/Users/2DT/Desktop/Valdir/MeuSite/web/index.html</file>
            <file>file:/C:/Users/2DT/Desktop/Valdir/MeuSite/web/config.css</file>
            <file>file:/C:/Users/2DT/Desktop/Valdir/MeuSite/web/excpro.html</file>
            <file>file:/C:/Users/2DT/Desktop/Valdir/MeuSite/web/salvar_produto.jsp</file>
            <file>file:/C:/Users/2DT/Desktop/Valdir/MeuSite/web/carregaprod.jsp</file>
            <file>file:/C:/Users/2DT/Desktop/Valdir/MeuSite/web/conpro.html</file>
            <file>file:/C:/Users/2DT/Desktop/Valdir/MeuSite/web/conpro.jsp</file>
            <file>file:/C:/Users/2DT/Desktop/Valdir/MeuSite/web/lista.jsp</file>
            <file>file:/C:/Users/2DT/Desktop/Valdir/MeuSite/web/alterar_produtos.jsp</file>
            <file>file:/C:/Users/2DT/Desktop/Valdir/MeuSite/web/configura.css</file>
        </group>
    </open-files>
</project-private>
